{
  "POL": [19.466642051283007, 52.290264860504955],
  "HND": [-87.143561307869, 14.752884937440252],
  "SWE": [14.9256278200449, 60.05325115321494],
  "NOR": [8.210480926833078, 61.25363636885181],
  "LUX": [5.959406336413238, 49.81226987286229],
  "CYP": [32.97037175810984, 34.866010090074546],
  "BRA": [-49.708540926424234, -10.725102267327902],
  "FRA": [2.6495173170269393, 46.50464043215759],
  "ECU": [-78.33856863208776, -0.9184305893400853],
  "GTM": [-90.46238521209341, 15.275884896144895],
  "BEL": [4.474489627623989, 50.82222973693414],
  "TUR": [34.47332130671683, 38.96414758680174],
  "NLD": [5.191549807475024, 52.60799068866635],
  "MYS": [113.91389199646171, 3.0913643456057738],
  "IDN": [101.4543275842204, -0.6399599933105103],
  "EST": [25.870121136492035, 58.68849501768148],
  "ESP": [-4.4024509535189695, 40.03342390780779],
  "CZE": [15.048772955258388, 49.87923193276294],
  "CRI": [-84.04744365485253, 10.151875327107188],
  "VNM": [105.08334487058458, 21.6337623995723],
  "AUS": [133.86340390104664, -26.065656173684065],
  "LVA": [25.625787707763443, 56.916851999929385],
  "GBR": [-1.7959785788088727, 52.297383496629834],
  "DEU": [9.791228522129224, 51.7339127324642],
  "URY": [-56.13349091360163, -32.70590758053855],
  "SVK": [19.52159668897925, 48.64555695799802],
  "ARG": [-65.04214184268331, -32.76534811482881],
  "USA": [-103.25362749762131, 40.05770962806754],
  "PRT": [-8.270026267765818, 40.11190385091007],
  "IRL": [-7.981582365752856, 53.26081814449575],
  "DOM": [-70.84718748141651, 18.945089101784873],
  "CHE": [7.823732907833313, 46.76905496607971],
  "LTU": [23.61899218935835, 55.38087080637778],
  "JPN": [139.04093525139749, 35.94209102573682],
  "BOL": [-65.21005652633653, -17.821892959031253],
  "NIC": [-85.12348916210752, 12.713048513506903],
  "COL": [-73.19144306854335, 3.6689282127634963],
  "HUN": [19.03848780551261, 46.91833981636727],
  "MEX": [-102.80833729781162, 24.522427935189413],
  "BGR": [24.72063970883385, 42.6280546618223],
  "ROU": [24.574651164627443, 45.93650030557542],
  "ZAF": [24.767304947668887, -29.995032335010272],
  "IND": [78.08406614236442, 22.66131985253761],
  "ITA": [12.245175957793174, 42.53725761259152],
  "DNK": [9.213810740143316, 56.3077167994765],
  "PAN": [-81.20043602679368, 8.328063383151031],
  "PHL": [121.2968654759604, 16.848679716588524],
  "NZL": [169.690756524664, -44.85639294669082],
  "PER": [-76.0388991394914, -7.793335551183936],
  "THA": [101.19512759425548, 15.688907447689553],
  "AUT": [14.444652437596634, 47.6823425734315],
  "FIN": [25.78805608776612, 63.013721203210785],
  "GRC": [21.845128778953082, 38.80874536740017],
  "SLV": [-89.08285258226913, 13.736347127109283],
  "ISR": [34.84873595088012, 31.04238748803197],
  "CHL": [-73.45011308054829, -51.75109208028953],
  "CAN": [-112.60472169362514, 59.069792686521765],
  "ISL": [-18.28942267130263, 64.98240616413865],
  "PRY": [-58.789808394906636, -23.120948027121006],
  "TWN": [121.13431172321003, 23.556346247421967]
}
